Id,Nombre,Apellido,Correo Electrónico,País,Teléfono,Dirección,Ciudad
1,John,Doe,john.doe@example.com,US,555-1234,123 Elm St, Springfield
2,Marie,Durand,marie.durand@example.com,FR,01-23456789,12 Rue de la Paix, Paris
3,Juan,Pérez,juan.perez@example.com,ES,612345678,Calle Mayor 1, Madrid
4,Luca,Rossi,luca.rossi@example.com,IT,06-98765432,Via Roma 10, Rome
5,Anna,Novák,anna.novak@example.com,CZ,123456789,Novákova 5, Prague
6,Emma,Schmidt,emma.schmidt@example.com,DE,030-123456,Brandenburg 20, Berlin
7,Oliver,Martínez,oliver.martinez@example.com,MX,55-1234-5678,Av. Reforma 123, Mexico City
8,Charlotte,Moreau,charlotte.moreau@example.com,FR,01-23456789,15 Boulevard Saint-Germain, Paris
9,Tomás,Novotný,tomas.novotny@example.com,CZ,123456789,Náměstí 8, Prague
10,Maria,Silva,maria.silva@example.com,BR,11-98765-4321,Rua das Flores 50, São Paulo
11,Yuki,Tanaka,yuki.tanaka@example.com,JP,03-1234-5678,Shibuya-ku, Tokyo
12,Sophia,Wang,sophia.wang@example.com,CN,010-1234-5678,Wangfujing St, Beijing
13,Hannah,Wilson,hannah.wilson@example.com,AU,02-9876-5432,George St, Sydney
14,Elena,Petrova,elena.petrova@example.com,RU,495-123-4567,Tverskaya St, Moscow
15,Liam,Brown,liam.brown@example.com,CA,416-123-4567,Bay St, Toronto
16,Ana,García,ana.garcia@example.com,AR,11-2345-6789,Avenida Corrientes, Buenos Aires
17,Isabella,Fernández,isabella.fernandez@example.com,CO,1-234-5678,Carrera 7, Bogotá
18,Sofia,Romero,sofia.romero@example.com,CL,2-2345-6789,Avenida Providencia, Santiago
19,Mia,Johansson,mia.johansson@example.com,SE,08-123 4567,Drottninggatan 12, Stockholm
20,Lucas,Martins,lucas.martins@example.com,PT,21-1234567,Avenida da Liberdade, Lisbon
21,Chloe,Smith,chloe.smith@example.com,UK,020-1234-5678,Baker St, London
22,Daniela,Santana,daniela.santana@example.com,BR,21-98765-4321,Rua das Laranjeiras, Rio de Janeiro
23,Luisa,Alonso,luisa.alonso@example.com,ES,611234567,Paseo de la Castellana 123, Madrid
24,Olivia,Kowalski,olivia.kowalski@example.com,PL,22-123-4567,Nowy Świat 45, Warsaw
25,Emily,White,emily.white@example.com,US,555-5678,456 Oak St, Springfield
26,Amelie,Lemoine,amelie.lemoine@example.com,FR,01-34567890,Rue de Rivoli 22, Paris
27,Jorge,González,jorge.gonzalez@example.com,MX,55-2345-6789,Calle 5 de Mayo, Mexico City
28,Victoria,Barros,victoria.barros@example.com,PT,21-2345678,Rua Augusta, Lisbon
29,Tom,Lee,tom.lee@example.com,HK,852-1234-5678,Des Voeux Road, Hong Kong
30,Lena,Weber,lena.weber@example.com,DE,040-987654,Reeperbahn 1, Hamburg
31,Arthur,Blake,arthur.blake@example.com,UK,0161-234-5678,Deansgate, Manchester
32,Isabel,Lopez,isabel.lopez@example.com,ES,610123456,Calle de Alcalá, Madrid
33,Lucas,Bianchi,lucas.bianchi@example.com,IT,02-3456789,Corso Buenos Aires, Milan
34,Eva,Horáková,eva.horakova@example.com,CZ,234567890,Václavské náměstí, Prague
35,Mateo,Ruiz,mateo.ruiz@example.com,CO,2-345-6789,Carrera 11, Medellín
36,Eliza,Nowak,eliza.nowak@example.com,PL,12-345-6789,Krakowskie Przedmieście, Kraków
37,Diego,Ramírez,diego.ramirez@example.com,AR,11-3456-7890,Avenida Santa Fe, Buenos Aires
38,Hiroshi,Yamada,hiroshi.yamada@example.com,JP,06-2345-6789,Namba, Osaka
39,Jessica,Nguyen,jessica.nguyen@example.com,AU,03-5678-1234,Collins St, Melbourne
40,Samira,Hassan,samira.hassan@example.com,EG,02-123-4567,Zamalek, Cairo
41,Tomás,Andrade,tomas.andrade@example.com,PT,22-3456789,Rua de Santa Catarina, Porto
42,Elena,Garcia,elena.garcia@example.com,MX,55-3456-7890,Insurgentes Sur, Mexico City
43,Alice,Baker,alice.baker@example.com,CA,604-123-4567,Granville St, Vancouver
44,Daniel,Petrov,daniel.petrov@example.com,RU,812-123-4567,Nevsky Prospekt, St. Petersburg
45,Ava,Evans,ava.evans@example.com,US,555-8765,789 Pine St, Springfield
46,Ines,Souza,ines.souza@example.com,BR,31-98765-4321,Avenida Afonso Pena, Belo Horizonte
47,Maria,González,maria.gonzalez@example.com,CO,3-456-7890,Calle 13, Cali
48,Anna,Schwarz,anna.schwarz@example.com,DE,089-123456,Ludwigstraße, Munich
49,David,King,david.king@example.com,UK,029-1234-5678,Queen St, Cardiff
50,Emma,Johansson,emma.johansson@example.com,SE,031-7654321,Avenyn, Gothenburg
51,Leo,Martin,leo.martin@example.com,FR,01-45678901,Boulevard Haussmann 22, Paris
52,Lucas,Ferreira,lucas.ferreira@example.com,BR,11-45678-9101,Rua XV de Novembro, São Paulo
53,Oscar,Nilsson,oscar.nilsson@example.com,SE,08-765 4321,Kungsgatan 18, Stockholm
54,Clara,Meier,clara.meier@example.com,DE,069-234567,Hauptstraße 7, Frankfurt
55,Mateo,López,mateo.lopez@example.com,AR,11-4567-8901,Avenida de Mayo, Buenos Aires
56,Alice,Durand,alice.durand@example.com,FR,01-56789012,Rue du Faubourg Saint-Honoré, Paris
57,Emma,Schmid,emma.schmid@example.com,DE,0711-234567,Stuttgart-Mitte, Stuttgart
58,Sophie,González,sophie.gonzalez@example.com,ES,612345678,Gran Vía 30, Madrid
59,Alex,Miller,alex.miller@example.com,US,555-2345,234 Pine St, Springfield
60,Elena,Popescu,elena.popescu@example.com,RO,021-2345678,Calea Victoriei, Bucharest
61,Erik,Jansson,erik.jansson@example.com,SE,031-876 5432,Avenyn, Gothenburg
62,Julia,Moreira,julia.moreira@example.com,BR,21-45678-9101,Avenida Atlântica, Rio de Janeiro
63,Nicolas,Martínez,nicolas.martinez@example.com,MX,55-5678-9012,Paseo de la Reforma, Mexico City
64,Lucia,Garcia,lucia.garcia@example.com,ES,610234567,Calle de Serrano, Madrid
65,David,Smith,david.smith@example.com,UK,0121-234-5678,Broad St, Birmingham
66,Emily,Wang,emily.wang@example.com,CN,021-5678-9012,Nanjing Road, Shanghai
67,Chloe,Martin,chloe.martin@example.com,FR,01-67890123,Rue Saint-Honoré, Paris
68,Eva,Kovačová,eva.kovacova@example.com,SK,02-23456789,Hviezdoslavovo námestie, Bratislava
69,Thomas,Jones,thomas.jones@example.com,AU,07-5678-1234,Queen St, Brisbane
70,Lucia,Da Silva,lucia.dasilva@example.com,BR,31-45678-9101,Av. Amazonas, Belo Horizonte
71,Luis,Ramírez,luis.ramirez@example.com,MX,55-6789-0123,Avenida Juárez, Mexico City
72,Oscar,Blanco,oscar.blanco@example.com,ES,611234567,Paseo de Gracia, Barcelona
73,Liam,O'Brien,liam.obrien@example.com,IE,01-2345678,O'Connell Street, Dublin
74,Anna,Fischer,anna.fischer@example.com,DE,089-234567,Ludwigstraße, Munich
75,Lucas,González,lucas.gonzalez@example.com,AR,11-5678-9012,Calle Florida, Buenos Aires
76,Noah,Larsson,noah.larsson@example.com,SE,08-654 3210,Vasagatan 10, Stockholm
77,Clara,Rossi,clara.rossi@example.com,IT,02-4567890,Via Montenapoleone, Milan
78,Maria,Hernández,maria.hernandez@example.com,ES,610345678,Calle Princesa, Madrid
79,André,Lefevre,andre.lefevre@example.com,FR,01-78901234,Rue de la Paix, Paris
80,John,Evans,john.evans@example.com,US,555-3456,345 Birch St, Springfield
81,Lucas,Silva,lucas.silva@example.com,BR,51-45678-9101,Rua da Praia, Porto Alegre
82,Eva,Nováková,eva.novakova@example.com,CZ,234567890,Vodičkova 20, Prague
83,Alejandro,Pérez,alejandro.perez@example.com,ES,612345678,Calle del Arenal, Madrid
84,Chloe,Müller,chloe.muller@example.com,DE,040-234567,Mönckebergstraße, Hamburg
85,Liam,Martin,liam.martin@example.com,FR,01-89012345,Champs-Élysées, Paris
86,Isabella,Moretti,isabella.moretti@example.com,IT,06-4567890,Via del Corso, Rome
87,Lucas,González,lucas.gonzalez@example.com,AR,11-6789-0123,Avenida Santa Fe, Buenos Aires
88,Elena,Petrova,elena.petrova@example.com,RU,495-234-5678,Arbat Street, Moscow
89,Jacob,Anderson,jacob.anderson@example.com,US,555-4567,456 Cedar St, Springfield
90,Olivia,Wilson,olivia.wilson@example.com,CA,604-234-5678,Robson St, Vancouver
91,Emma,Smith,emma.smith@example.com,AU,08-9876-5432,Rundle Mall, Adelaide
92,Isabella,Kowalska,isabella.kowalska@example.com,PL,22-234-5678,Plac Zamkowy, Warsaw
93,Mateo,Ruiz,mateo.ruiz@example.com,CO,4-567-8901,Calle 10, Medellín
94,Lucia,Garcia,lucia.garcia@example.com,MX,55-7890-1234,Avenida Chapultepec, Mexico City
95,Oliver,Brown,oliver.brown@example.com,UK,028-2345-6789,Victoria St, Belfast
96,Anna,Dumont,anna.dumont@example.com,FR,01-90123456,Rue de la République, Lyon
97,Lucas,Almeida,lucas.almeida@example.com,BR,61-45678-9101,Eixo Monumental, Brasília
98,Emily,Harris,emily.harris@example.com,US,555-5678,567 Spruce St, Springfield
99,Sophie,Martin,sophie.martin@example.com,FR,01-01234567,Quai de la Tournelle, Paris
100,Erik,Johansson,erik.johansson@example.com,SE,031-987 6543,Linnégatan, Gothenburg
101,Isabel,Sánchez,isabel.sanchez@example.com,ES,611345678,Paseo del Prado, Madrid
102,Daniela,Silva,daniela.silva@example.com,BR,41-45678-9101,Av. Batel, Curitiba
103,Noah,Walker,noah.walker@example.com,AU,03-5678-4321,Bourke St, Melbourne
104,Eva,Fischer,eva.fischer@example.com,DE,089-345678,Maximilianstraße, Munich
105,Ana,López,ana.lopez@example.com,AR,11-7890-1234,Avenida Alvear, Buenos Aires
106,Oliver,Martínez,oliver.martinez@example.com,MX,55-8901-2345,Insurgentes Norte, Mexico City
107,Liam,Smith,liam.smith@example.com,US,555-6789,678 Walnut St, Springfield
108,Chloe,Garcia,chloe.garcia@example.com,ES,610456789,Calle Gran Vía, Madrid
109,Mateo,Martinez,mateo.martinez@example.com,CO,5-678-9012,Carrera 9, Bogotá
110,Anna,Jones,anna.jones@example.com,UK,0113-234-5678,Briggate, Leeds
111,Oscar,Karlsson,oscar.karlsson@example.com,SE,08-543 2109,Hamngatan, Stockholm
112,Daniel,Blanco,daniel.blanco@example.com,ES,611567890,Gran Vía, Valencia
113,Maria,Garcia,maria.garcia@example.com,MX,55-9012-3456,Avenida Revolución, Mexico City
114,Lucas,Pérez,lucas.perez@example.com,AR,11-8901-2345,Calle Corrientes, Buenos Aires
115,Elena,Fedorova,elena.fedorova@example.com,RU,495-345-6789,Novy Arbat, Moscow
116,Emily,Brown,emily.brown@example.com,US,555-7890,789 Maple St, Springfield
117,Sophie,Smith,sophie.smith@example.com,UK,029-3456-7890,Queen St, Cardiff
118,Eva,Larsson,eva.larsson@example.com,SE,031-765 4321,Kungsportsavenyen, Gothenburg
119,Isabel,González,isabel.gonzalez@example.com,ES,610567890,Paseo de la Castellana, Madrid
120,Lucas,Silva,lucas.silva@example.com,BR,31-56789-0123,Av. Contorno, Belo Horizonte
121,Chloe,Wilson,chloe.wilson@example.com,AU,02-7890-1234,King St, Sydney
122,Oliver,Schmidt,oliver.schmidt@example.com,DE,030-345678,Kurfürstendamm, Berlin
123,Ana,Fernández,ana.fernandez@example.com,ES,612345678,Calle Alcalá, Madrid
124,Oscar,Gomez,oscar.gomez@example.com,AR,11-9012-3456,Avenida Belgrano, Buenos Aires
125,John,Smith,john.smith@example.com,US,555-8901,890 Willow St, Springfield
126,Emily,Johnson,emily.johnson@example.com,CA,416-234-5678,Yonge St, Toronto
127,Mateo,Romero,mateo.romero@example.com,CO,6-789-0123,Calle 26, Cali
128,Anna,Anderson,anna.anderson@example.com,SE,08-654 3219,Stureplan, Stockholm
129,Lucas,Martínez,lucas.martinez@example.com,MX,55-0123-4567,Avenida Insurgentes, Mexico City
130,Isabella,Bianchi,isabella.bianchi@example.com,IT,02-5678901,Via della Spiga, Milan
131,Chloe,Brown,chloe.brown@example.com,UK,01223-234-5678,High St, Cambridge
132,Sophie,Dupont,sophie.dupont@example.com,FR,01-23456789,Rue de Rennes, Paris
133,Eva,Novak,eva.novak@example.com,CZ,234567890,Příkopy, Prague
134,Liam,Martin,liam.martin@example.com,US,555-9012,901 Elm St, Springfield
135,Daniel,González,daniel.gonzalez@example.com,ES,611678901,Plaza Mayor, Madrid
136,Lucas,Oliveira,lucas.oliveira@example.com,BR,71-45678-9101,Avenida Paralela, Salvador
137,Maria,Santos,maria.santos@example.com,PT,21-5678901,Rua do Carmo, Lisbon
138,Elena,Garcia,elena.garcia@example.com,MX,55-1234-5678,Calzada de Tlalpan, Mexico City
139,Thomas,Baker,thomas.baker@example.com,UK,0131-234-5678,Princes St, Edinburgh
140,Emily,Williams,emily.williams@example.com,AU,07-8901-2345,Queen St, Brisbane
141,Anna,Müller,anna.muller@example.com,DE,089-456789,Marienplatz, Munich
142,Sophie,Martin,sophie.martin@example.com,FR,01-34567890,Rue Montorgueil, Paris
143,Isabella,Johnson,isabella.johnson@example.com,US,555-0123,123 Oak St, Springfield
144,Mateo,Fernández,mateo.fernandez@example.com,AR,11-2345-6789,Avenida Córdoba, Buenos Aires
145,Lucas,Garcia,lucas.garcia@example.com,ES,612456789,Gran Vía 45, Madrid
146,Eva,Kovářová,eva.kovarova@example.com,CZ,234567890,Národní třída, Prague
147,Oliver,Smith,oliver.smith@example.com,CA,604-345-6789,Burrard St, Vancouver
148,Chloe,Wang,chloe.wang@example.com,CN,010-4567-8901,Wangfujing St, Beijing
149,Sophie,Leblanc,sophie.leblanc@example.com,FR,01-45678901,Avenue des Champs-Élysées, Paris
150,Noah,White,noah.white@example.com,US,555-1234,234 Elm St, Springfield
151,Maria,Silva,maria.silva@example.com,BR,11-56789-0123,Av. Paulista, São Paulo
152,Anna,González,anna.gonzalez@example.com,ES,610678901,Rambla de Catalunya, Barcelona
153,Lucas,Brown,lucas.brown@example.com,UK,0117-234-5678,Cabot Circus, Bristol
154,Chloe,Garcia,chloe.garcia@example.com,MX,55-2345-6789,Colonia Roma, Mexico City
155,Oliver,Smith,oliver.smith@example.com,US,555-2345,345 Pine St, Springfield
156,Sophie,Martin,sophie.martin@example.com,FR,01-67890123,Rue de Rivoli, Paris
157,Eva,Schwarz,eva.schwarz@example.com,DE,0711-345678,Königstraße, Stuttgart
158,Lucas,Novák,lucas.novak@example.com,CZ,234567890,Václavské náměstí, Prague
159,Maria,Martínez,maria.martinez@example.com,MX,55-6789-0123,Calle Madero, Mexico City
160,Liam,Thompson,liam.thompson@example.com,UK,0161-345-6789,Market St, Manchester
161,Chloe,Wilson,chloe.wilson@example.com,AU,02-6789-0123,George St, Sydney
162,Lucas,Hernández,lucas.hernandez@example.com,ES,611789012,Calle Preciados, Madrid
163,Oliver,Baker,oliver.baker@example.com,US,555-3456,456 Birch St, Springfield
164,Eva,Weber,eva.weber@example.com,DE,030-456789,Friedrichstraße, Berlin
165,Mateo,Pérez,mateo.perez@example.com,AR,11-3456-7890,Avenida Callao, Buenos Aires
166,Lucas,Silva,lucas.silva@example.com,BR,31-67890-1234,Av. Amazonas, Belo Horizonte
167,Anna,Fernández,anna.fernandez@example.com,ES,612789012,Paseo de Recoletos, Madrid
168,Emily,Smith,emily.smith@example.com,CA,416-345-6789,Bloor St, Toronto
169,Chloe,Williams,chloe.williams@example.com,UK,0121-345-6789,Bullring, Birmingham
170,Lucas,Novák,lucas.novak@example.com,CZ,234567890,Malá Strana, Prague
171,Isabel,Martínez,isabel.martinez@example.com,MX,55-7890-1234,Avenida Universidad, Mexico City
172,Mateo,González,mateo.gonzalez@example.com,AR,11-4567-8901,Calle Lavalle, Buenos Aires
173,Eva,Fischer,eva.fischer@example.com,DE,040-345678,Reeperbahn, Hamburg
174,Chloe,Martin,chloe.martin@example.com,FR,01-78901234,Rue de la Paix, Paris
175,Lucas,Rossi,lucas.rossi@example.com,IT,02-6789012,Corso Venezia, Milan
176,Maria,Hernández,maria.hernandez@example.com,MX,55-8901-2345,Avenida de los Insurgentes, Mexico City
177,Liam,O'Brien,liam.obrien@example.com,IE,01-3456789,Grafton Street, Dublin
178,Chloe,Wang,chloe.wang@example.com,CN,021-6789-0123,Nanjing Road, Shanghai
179,Sophie,Smith,sophie.smith@example.com,UK,0113-345-6789,Kirkgate Market, Leeds
180,Eva,Novaková,eva.novakova@example.com,CZ,234567890,Staroměstské náměstí, Prague
181,Lucas,Martínez,lucas.martinez@example.com,MX,55-0123-4567,Reforma 222, Mexico City
182,Ana,Garcia,ana.garcia@example.com,ES,612345678,Plaza del Sol, Madrid
183,Lucas,Silva,lucas.silva@example.com,BR,61-67890-1234,Av. das Nações, Brasília
184,Isabel,López,isabel.lopez@example.com,AR,11-5678-9012,Calle Defensa, Buenos Aires
185,Emily,Smith,emily.smith@example.com,CA,604-345-6789,Granville Island, Vancouver
186,Liam,Anderson,liam.anderson@example.com,US,555-4567,456 Cedar St, Springfield
187,Sophie,Larsson,sophie.larsson@example.com,SE,031-876 5432,Kungsgatan, Gothenburg
188,Chloe,Martin,chloe.martin@example.com,FR,01-89012345,Quai de Valmy, Paris
189,Lucas,Kowalski,lucas.kowalski@example.com,PL,22-234-5678,Nowy Świat, Warsaw
190,Emily,White,emily.white@example.com,AU,07-6789-0123,Queen St, Brisbane
191,Mateo,Ruiz,mateo.ruiz@example.com,CO,6-789-0123,Calle 10, Medellín
192,Anna,Schmidt,anna.schmidt@example.com,DE,089-567890,Maximilianstraße, Munich
193,Lucas,Silva,lucas.silva@example.com,BR,21-56789-0123,Av. Atlântica, Rio de Janeiro
194,Oliver,Jones,oliver.jones@example.com,UK,029-345-6789,Queen St, Cardiff
195,Maria,Fernández,maria.fernandez@example.com,ES,612890123,Calle del Pez, Madrid
196,Sophie,Garcia,sophie.garcia@example.com,FR,01-01234567,Place de la Concorde, Paris
197,Eva,Meier,eva.meier@example.com,DE,040-567890,Schulterblatt, Hamburg
198,Mateo,Martínez,mateo.martinez@example.com,MX,55-2345-6789,Calzada de Tlalpan, Mexico City
199,Liam,Brown,liam.brown@example.com,US,555-5678,567 Spruce St, Springfield
200,Chloe,Wilson,chloe.wilson@example.com,CA,416-456-7890,Queen St W, Toronto
